{"cameraMode":{"drawMode":0,"name":"Shaded","section":"Shading Mode"},"sceneLighting":false,"audioPlay":false,"sceneViewState":{"showFog":true,"showMaterialUpdate":false,"showSkybox":false,"showFlares":true,"showImageEffects":true,"showParticleSystems":true},"in2DMode":false,"pivot":{"x":-0.25000935792922976,"y":1.0196430683135987,"z":0.4399137496948242},"rotation":{"x":0.09525733441114426,"y":0.3587941825389862,"z":-0.03683757409453392,"w":0.9278200268745422},"size":0.008660245686769486,"orthographic":false}