{"cameraMode":{"drawMode":0,"name":"Shaded","section":"Shading Mode"},"sceneLighting":false,"audioPlay":false,"sceneViewState":{"showFog":true,"showMaterialUpdate":false,"showSkybox":false,"showFlares":true,"showImageEffects":true,"showParticleSystems":true},"in2DMode":false,"pivot":{"x":0.008341372013092041,"y":0.14466243982315064,"z":-0.020316854119300844},"rotation":{"x":0.1911090761423111,"y":0.12184663116931915,"z":-0.023938843980431558,"w":0.9737017154693604},"size":0.09886501729488373,"orthographic":false}