{"cameraMode":{"drawMode":0,"name":"Shaded","section":"Shading Mode"},"sceneLighting":false,"audioPlay":false,"sceneViewState":{"showFog":true,"showMaterialUpdate":false,"showSkybox":false,"showFlares":true,"showImageEffects":true,"showParticleSystems":true},"in2DMode":false,"pivot":{"x":5.960464477539063e-8,"y":1.4999998807907105,"z":4.999000072479248},"rotation":{"x":-0.05668169632554054,"y":0.4674578607082367,"z":0.03003363497555256,"w":0.8817036747932434},"size":0.5657739043235779,"orthographic":false}