{"cameraMode":{"drawMode":0,"name":"Shaded","section":"Shading Mode"},"sceneLighting":true,"audioPlay":false,"sceneViewState":{"showFog":true,"showMaterialUpdate":false,"showSkybox":true,"showFlares":true,"showImageEffects":true,"showParticleSystems":true},"in2DMode":false,"pivot":{"x":-3.8940553665161135,"y":-2.7176129817962648,"z":0.6099383234977722},"rotation":{"x":0.24000567197799684,"y":-0.3698325753211975,"z":0.09946998953819275,"w":0.892061173915863},"size":5.042896270751953,"orthographic":false}