{"cameraMode":{"drawMode":0,"name":"Shaded","section":"Shading Mode"},"sceneLighting":true,"audioPlay":false,"sceneViewState":{"showFog":true,"showMaterialUpdate":false,"showSkybox":true,"showFlares":true,"showImageEffects":true,"showParticleSystems":true},"in2DMode":false,"pivot":{"x":-0.38488665223121645,"y":0.346734881401062,"z":-0.5608751177787781},"rotation":{"x":-0.10156381875276566,"y":0.7801148891448975,"z":-0.1313512623310089,"w":-0.6032029986381531},"size":1.4927246570587159,"orthographic":false}