{"cameraMode":{"drawMode":0,"name":"Shaded","section":"Shading Mode"},"sceneLighting":true,"audioPlay":false,"sceneViewState":{"showFog":true,"showMaterialUpdate":false,"showSkybox":true,"showFlares":true,"showImageEffects":true,"showParticleSystems":true},"in2DMode":false,"pivot":{"x":-0.0720062255859375,"y":1.5447663068771363,"z":2.14510440826416},"rotation":{"x":-0.007912464439868927,"y":0.9906641840934753,"z":-0.06578738987445831,"w":-0.11915113031864166},"size":0.5993798971176148,"orthographic":false}